{"cameraMode":{"drawMode":0,"name":"Shaded","section":"Shading Mode"},"sceneLighting":true,"audioPlay":false,"sceneViewState":{"showFog":true,"showMaterialUpdate":false,"showSkybox":true,"showFlares":true,"showImageEffects":true,"showParticleSystems":true},"in2DMode":false,"pivot":{"x":1.1034847497940064,"y":-0.747047483921051,"z":0.14875827729701997},"rotation":{"x":0.07224497944116593,"y":0.0074764033779501919,"z":-0.000541350687853992,"w":0.9973587989807129},"size":20.327075958251954,"orthographic":false}