{"cameraMode":{"drawMode":0,"name":"Shaded","section":"Shading Mode"},"sceneLighting":false,"audioPlay":false,"sceneViewState":{"showFog":true,"showMaterialUpdate":false,"showSkybox":false,"showFlares":true,"showImageEffects":true,"showParticleSystems":true},"in2DMode":false,"pivot":{"x":0.5574787855148315,"y":0.3095057010650635,"z":-3.0176258087158205},"rotation":{"x":0.09088188409805298,"y":0.10373252630233765,"z":-0.009454217739403248,"w":0.9903993010520935},"size":5.809444904327393,"orthographic":true}