{"cameraMode":{"drawMode":0,"name":"Shaded","section":"Shading Mode"},"sceneLighting":false,"audioPlay":false,"sceneViewState":{"showFog":true,"showMaterialUpdate":false,"showSkybox":true,"showFlares":true,"showImageEffects":true,"showParticleSystems":true},"in2DMode":false,"pivot":{"x":1.3639999628067017,"y":0.18000000715255738,"z":-92.86000061035156},"rotation":{"x":-0.15504400432109834,"y":0.3252757787704468,"z":-0.05422273650765419,"w":-0.9312448501586914},"size":2.8578836917877199,"orthographic":true}