{"cameraMode":{"drawMode":0,"name":"Shaded","section":"Shading Mode"},"sceneLighting":false,"audioPlay":false,"sceneViewState":{"showFog":true,"showMaterialUpdate":false,"showSkybox":false,"showFlares":true,"showImageEffects":true,"showParticleSystems":true},"in2DMode":false,"pivot":{"x":0.5574787855148315,"y":0.3095057010650635,"z":-3.0176258087158205},"rotation":{"x":0.03922897204756737,"y":0.05991320684552193,"z":-0.0023563834838569166,"w":0.9974297285079956},"size":5.809444904327393,"orthographic":false}